Player,Age,Playing Time_MP,Playing Time_Starts,Playing Time_Min,Playing Time_90s,Performance_Gls,Performance_Ast,Performance_G+A,Performance_G-PK,Performance_PK,Performance_PKatt,Performance_CrdY,Performance_CrdR,Per 90 Minutes_Gls,Per 90 Minutes_Ast,Per 90 Minutes_G+A,Per 90 Minutes_G-PK,Per 90 Minutes_G+A-PK,Position
Brenden Aaronson,25.44,30,24,1975,21.9,4,3,7,4,0,0,1,0,0.18,0.14,0.32,0.18,0.32,Milieu
Zach Abbott,19.88,2,1,120,1.3,0,0,0,0,0,0,0,0,0.0,0.0,0.0,0.0,0.0,Defenseur
Tammy Abraham,28.49,8,1,202,2.2,1,0,1,1,0,0,0,0,0.45,0.0,0.45,0.45,0.45,Attaquant
Joshua Acheampong,19.9,12,7,573,6.4,1,0,1,1,0,0,1,0,0.16,0.0,0.16,0.16,0.16,Defenseur
Tyler Adams,27.12,18,18,1411,15.7,2,1,3,2,0,0,7,0,0.13,0.06,0.19,0.13,0.19,Milieu
Tosin Adarabioyo,28.51,15,7,750,8.3,0,0,0,0,0,0,2,0,0.0,0.0,0.0,0.0,0.0,Defenseur
Simon Adingra,24.24,14,9,653,7.3,1,0,1,1,0,0,2,0,0.14,0.0,0.14,0.14,0.14,Milieu
Amine Adli,25.89,27,10,1040,11.6,3,1,4,3,0,0,2,0,0.26,0.09,0.35,0.26,0.35,Milieu
Emmanuel Agbadou,28.78,14,12,1101,12.2,0,0,0,0,0,0,1,1,0.0,0.0,0.0,0.0,0.0,Defenseur
Nayef Aguerd,30.0,2,2,180,2.0,0,0,0,0,0,0,0,0,0.0,0.0,0.0,0.0,0.0,Defenseur
Ola Aina,29.47,15,15,1320,14.7,0,0,0,0,0,0,3,0,0.0,0.0,0.0,0.0,0.0,Defenseur
Rayan Aït-Nouri,24.81,13,10,779,8.7,0,2,2,0,0,0,2,0,0.0,0.23,0.23,0.0,0.23,Defenseur
Kristoffer Ajer,27.95,24,18,1628,18.1,0,1,1,0,0,0,3,0,0.0,0.06,0.06,0.0,0.06,Defenseur
Nathan Aké,31.11,14,4,495,5.5,0,0,0,0,0,0,1,0,0.0,0.0,0.0,0.0,0.0,Defenseur
Carlos Alcaraz,23.33,16,6,675,7.5,0,1,1,0,0,0,3,0,0.0,0.13,0.13,0.0,0.13,Milieu
Omar Alderete,29.26,27,26,2354,26.2,1,1,2,1,0,0,6,0,0.04,0.04,0.08,0.04,0.08,Defenseur
Alisson,33.49,25,25,2250,25.0,0,0,0,0,0,0,1,0,0.0,0.0,0.0,0.0,0.0,Gardien
Max Alleyne,20.69,2,2,135,1.5,0,0,0,0,0,0,0,0,0.0,0.0,0.0,0.0,0.0,Defenseur
Jaydon Amauri Banel,21.44,1,0,10,0.1,0,0,0,0,0,0,0,0,0.0,0.0,0.0,0.0,0.0,Attaquant
Ethan Ampadu,25.54,28,28,2489,27.7,1,1,2,1,0,0,7,0,0.04,0.04,0.07,0.04,0.07,Milieu
Joachim Andersen,29.83,28,28,2471,27.5,0,1,1,0,0,0,7,0,0.0,0.04,0.04,0.0,0.04,Defenseur
Elliot Anderson,23.39,31,31,2772,30.8,2,2,4,1,1,1,6,0,0.06,0.06,0.13,0.03,0.1,Milieu
André,24.7,28,23,2132,23.7,1,0,1,1,0,0,9,0,0.04,0.0,0.04,0.04,0.04,Milieu
Nilson Angulo,22.78,5,3,256,2.8,0,0,0,0,0,0,0,0,0.0,0.0,0.0,0.0,0.0,Milieu
Jaidon Anthony,26.33,30,25,2114,23.5,7,1,8,7,0,0,4,0,0.3,0.04,0.34,0.3,0.34,Milieu
Alphonse Areola,33.08,20,20,1800,20.0,0,1,1,0,0,0,0,0,0.0,0.05,0.05,0.0,0.05,Gardien
Jhon Arias,28.52,23,14,1124,12.5,1,0,1,1,0,0,1,0,0.08,0.0,0.08,0.08,0.08,Attaquant
Adam Armstrong,29.13,7,7,566,6.3,1,2,3,1,0,0,3,0,0.16,0.32,0.48,0.16,0.48,Attaquant
Harrison Armstrong,19.19,11,6,499,5.5,0,0,0,0,0,0,0,0,0.0,0.0,0.0,0.0,0.0,Milieu
Tolu Arokodare,25.35,27,12,1244,13.8,3,1,4,3,0,1,1,0,0.22,0.07,0.29,0.22,0.29,Attaquant
Taiwo Awoniyi,28.63,12,1,278,3.1,2,0,2,2,0,0,1,0,0.65,0.0,0.65,0.65,0.65,Attaquant
Yasin Ayari,22.48,24,18,1726,19.2,3,2,5,3,0,0,1,0,0.16,0.1,0.26,0.16,0.26,Milieu
Benoît Badiashile,25.01,8,6,471,5.2,0,0,0,0,0,0,2,0,0.0,0.0,0.0,0.0,0.0,Defenseur
Leon Bailey,28.64,9,2,340,3.8,0,1,1,0,0,0,1,0,0.0,0.26,0.26,0.0,0.26,Milieu
Dilane Bakwa,23.59,10,3,345,3.8,0,1,1,0,0,0,1,0,0.0,0.26,0.26,0.0,0.26,Milieu
Carlos Baleba,22.24,25,19,1279,14.2,0,0,0,0,0,0,5,0,0.0,0.0,0.0,0.0,0.0,Milieu
Daniel Ballard,26.52,26,22,2008,22.3,2,0,2,2,0,0,3,0,0.09,0.0,0.09,0.09,0.09,Defenseur
Ross Barkley,32.31,14,2,402,4.5,2,0,2,2,0,0,0,0,0.45,0.0,0.45,0.45,0.45,Milieu
Ashley Barnes,36.41,6,0,40,0.4,0,0,0,0,0,0,1,0,0.0,0.0,0.0,0.0,0.0,Attaquant
Harvey Barnes,28.3,30,17,1659,18.4,5,0,5,5,0,0,1,0,0.27,0.0,0.27,0.27,0.27,Attaquant
Thierno Barry,23.44,31,19,1640,18.2,6,0,6,6,0,0,3,0,0.33,0.0,0.33,0.33,0.33,Attaquant
Calvin Bassey,26.24,23,21,1904,21.2,1,0,1,1,0,0,5,0,0.05,0.0,0.05,0.05,0.05,Defenseur
Altay Bayındır,27.96,6,6,540,6.0,0,0,0,0,0,0,0,0,0.0,0.0,0.0,0.0,0.0,Gardien
Jean-Ricner Bellegarde,27.76,22,13,1086,12.1,1,1,2,1,0,0,4,0,0.08,0.08,0.17,0.08,0.17,Milieu
Walter Benítez,33.19,1,1,90,1.0,0,0,0,0,0,0,0,0,0.0,0.0,0.0,0.0,0.0,Gardien
Rodrigo Bentancur,28.76,20,17,1410,15.7,1,1,2,1,0,0,5,0,0.06,0.06,0.13,0.06,0.13,Milieu
Sander Berge,28.12,31,30,2590,28.8,0,1,1,0,0,0,5,0,0.0,0.03,0.03,0.0,0.03,Milieu
Lucas Bergvall,20.15,18,10,850,9.4,1,2,3,1,0,0,2,0,0.11,0.21,0.32,0.11,0.32,Milieu
Beto,28.16,31,12,1212,13.5,6,1,7,6,0,0,2,0,0.45,0.07,0.52,0.45,0.52,Attaquant
Jaka Bijol,27.15,18,14,1308,14.5,1,1,2,1,0,0,3,0,0.07,0.07,0.14,0.07,0.14,Defenseur
Yves Bissouma,29.58,8,5,462,5.1,0,0,0,0,0,0,3,0,0.0,0.0,0.0,0.0,0.0,Milieu
Marco Bizot,35.05,5,4,405,4.5,0,0,0,0,0,0,2,0,0.0,0.0,0.0,0.0,0.0,Gardien
Oscar Bobb,22.71,9,5,468,5.2,0,1,1,0,0,0,1,0,0.0,0.19,0.19,0.0,0.19,Milieu
Oscar Bobb,22.71,7,3,296,3.3,0,0,0,0,0,0,0,0,0.0,0.0,0.0,0.0,0.0,Milieu
Lamare Bogarde,22.23,24,8,807,9.0,0,0,0,0,0,0,5,0,0.0,0.0,0.0,0.0,0.0,Milieu
Jayden Bogle,25.67,29,27,2402,26.7,1,1,2,1,0,0,6,0,0.04,0.04,0.07,0.04,0.07,Defenseur
Sebastiaan Bornauw,27.02,9,4,304,3.4,0,0,0,0,0,0,1,0,0.0,0.0,0.0,0.0,0.0,Defenseur
Olivier Boscagli,28.36,8,5,442,4.9,0,1,1,0,0,0,2,0,0.0,0.2,0.2,0.0,0.2,Defenseur
Sven Botman,26.21,18,14,1205,13.4,1,1,2,1,0,0,1,0,0.07,0.07,0.15,0.07,0.15,Defenseur
Jarrod Bowen,29.27,31,31,2777,30.9,8,6,14,7,1,1,4,0,0.26,0.19,0.45,0.23,0.42,Milieu
Conor Bradley,22.72,15,12,929,10.3,0,1,1,0,0,0,5,0,0.0,0.1,0.1,0.0,0.1,Defenseur
Jarrad Branthwaite,23.76,8,5,504,5.6,1,0,1,1,0,0,1,0,0.18,0.0,0.18,0.18,0.18,Defenseur
Brian Brobbey,24.16,24,15,1368,15.2,6,1,7,6,0,0,4,0,0.39,0.07,0.46,0.39,0.46,Attaquant
Armando Broja,24.55,20,8,819,9.1,1,1,2,1,0,0,0,0,0.11,0.11,0.22,0.11,0.22,Attaquant
David Brooks,28.73,25,12,1051,11.7,1,2,3,1,0,0,7,0,0.09,0.17,0.26,0.09,0.26,Milieu
Jacob Bruun Larsen,27.53,23,10,972,10.8,0,1,1,0,0,0,0,0,0.0,0.09,0.09,0.0,0.09,Milieu
Emi Buendía,29.26,29,18,1451,16.1,5,2,7,5,0,0,6,0,0.31,0.12,0.43,0.31,0.43,Milieu
Hugo Bueno,23.53,28,21,1952,21.7,1,1,2,1,0,0,1,0,0.05,0.05,0.09,0.05,0.09,Milieu
Santiago Bueno,27.39,22,21,1923,21.4,2,1,3,2,0,0,4,0,0.09,0.05,0.14,0.09,0.14,Defenseur
Facundo Buonanotte,21.27,1,1,45,0.5,0,0,0,0,0,0,0,0,0.0,0.0,0.0,0.0,0.0,Milieu
Facundo Buonanotte,21.27,2,0,26,0.3,0,0,0,0,0,0,1,0,0.0,0.0,0.0,0.0,0.0,Milieu
Dan Burn,33.89,23,21,1813,20.1,0,2,2,0,0,0,9,1,0.0,0.1,0.1,0.0,0.1,Defenseur
Bradley Burrowes,18.07,1,0,17,0.2,0,0,0,0,0,0,0,0,0.0,0.0,0.0,0.0,0.0,Milieu
Jun'ai Byfield,17.31,1,0,1,0.0,0,0,0,0,0,0,0,0,0.0,0.0,0.0,0.0,0.0,Defenseur
Sam Byram,32.53,1,0,8,0.1,0,0,0,0,0,0,0,0,0.0,0.0,0.0,0.0,0.0,Defenseur
Moisés Caicedo,24.41,26,25,2181,24.2,3,1,4,3,0,0,9,1,0.12,0.04,0.17,0.12,0.17,Milieu
Tom Cairney,35.19,20,4,562,6.2,1,0,1,1,0,0,3,0,0.16,0.0,0.16,0.16,0.16,Milieu
Riccardo Calafiori,23.86,22,18,1448,16.1,1,2,3,1,0,0,5,0,0.06,0.12,0.19,0.06,0.19,Defenseur
Dominic Calvert-Lewin,29.04,28,23,2115,23.5,10,1,11,8,2,3,1,0,0.43,0.04,0.47,0.34,0.38,Attaquant
Jaydee Canvot,19.67,13,7,706,7.8,0,0,0,0,0,0,2,0,0.0,0.0,0.0,0.0,0.0,Defenseur
Fabio Carvalho,23.58,6,1,102,1.1,1,0,1,1,0,0,0,0,0.88,0.0,0.88,0.88,0.88,Milieu
Casemiro,34.1,29,28,2131,23.7,7,2,9,7,0,0,10,1,0.3,0.08,0.38,0.3,0.38,Milieu
Matty Cash,28.64,28,28,2441,27.1,3,2,5,3,0,0,7,0,0.11,0.07,0.18,0.11,0.18,Defenseur
Timothy Castagne,30.31,23,13,1223,13.6,0,0,0,0,0,0,3,0,0.0,0.0,0.0,0.0,0.0,Defenseur
Valentín Castellanos,27.49,11,11,860,9.6,2,0,2,2,0,0,2,0,0.21,0.0,0.21,0.21,0.21,Attaquant
Trevoh Chalobah,26.73,29,29,2550,28.3,3,0,3,3,0,0,3,1,0.11,0.0,0.11,0.11,0.11,Defenseur
Rayan Cherki,22.62,25,14,1308,14.5,3,8,11,3,0,0,1,0,0.21,0.55,0.76,0.21,0.76,Milieu
Federico Chiesa,28.43,23,1,296,3.3,2,1,3,2,0,0,3,0,0.61,0.3,0.91,0.61,0.91,Milieu
Tawanda Chirewa,22.46,2,0,27,0.3,0,0,0,0,0,0,0,0,0.0,0.0,0.0,0.0,0.0,Milieu
Ryan Christie,31.1,21,5,727,8.1,2,0,2,2,0,0,2,0,0.25,0.0,0.25,0.25,0.25,Milieu
Samuel Chukwueze,26.85,17,7,809,9.0,3,4,7,3,0,0,0,0,0.33,0.44,0.78,0.33,0.78,Milieu
Dennis Cirkin,23.98,7,3,304,3.4,0,0,0,0,0,0,1,0,0.0,0.0,0.0,0.0,0.0,Defenseur
Nathaniel Clyne,34.98,8,6,495,5.5,0,1,1,0,0,0,1,0,0.0,0.18,0.18,0.0,0.18,Milieu
Séamus Coleman,37.47,3,1,11,0.1,0,0,0,0,0,0,0,0,0.0,0.0,0.0,0.0,0.0,Defenseur
Nathan Collins,24.91,28,25,2345,26.1,1,2,3,1,0,0,5,0,0.04,0.08,0.12,0.04,0.12,Defenseur
Lewis Cook,29.15,16,8,872,9.7,0,1,1,0,0,0,1,1,0.0,0.1,0.1,0.0,0.1,Milieu
Diego Coppola,22.25,5,2,194,2.2,0,0,0,0,0,0,2,0,0.0,0.0,0.0,0.0,0.0,Defenseur
Marc Cucurella,27.69,27,24,2077,23.1,1,3,4,1,0,0,5,1,0.04,0.13,0.17,0.04,0.17,Defenseur
Jorge Cuenca,26.36,14,11,933,10.4,0,0,0,0,0,0,5,0,0.0,0.0,0.0,0.0,0.0,Defenseur
Josh Cullen,29.98,18,18,1514,16.8,2,2,4,2,0,0,2,0,0.12,0.12,0.24,0.12,0.24,Milieu
Jair Cunha,21.06,3,2,215,2.4,0,0,0,0,0,0,0,0,0.0,0.0,0.0,0.0,0.0,Defenseur
Matheus Cunha,26.84,28,24,2069,23.0,7,2,9,7,0,0,1,0,0.3,0.09,0.39,0.3,0.39,Milieu
Diogo Dalot,27.03,29,25,2233,24.8,1,3,4,1,0,0,5,0,0.04,0.12,0.16,0.04,0.16,Milieu
Mikkel Damsgaard,25.74,26,18,1575,17.5,3,4,7,3,0,0,0,0,0.17,0.23,0.4,0.17,0.4,Milieu
Kevin Danso,27.53,17,11,933,10.4,0,0,0,0,0,0,4,0,0.0,0.0,0.0,0.0,0.0,Defenseur
Karl Darlow,35.47,15,15,1350,15.0,0,0,0,0,0,0,1,0,0.0,0.0,0.0,0.0,0.0,Gardien
Ben Davies,32.93,3,2,137,1.5,1,0,1,1,0,0,1,0,0.66,0.0,0.66,0.66,0.66,Defenseur
Maxim De Cuyper,25.27,24,14,1152,12.8,2,0,2,2,0,0,2,0,0.16,0.0,0.16,0.16,0.16,Defenseur
Liam Delap,23.14,22,9,796,8.8,1,0,1,1,0,0,2,0,0.11,0.0,0.11,0.11,0.11,Attaquant
Sepp van den Berg,24.27,26,25,2304,25.6,0,1,1,0,0,0,1,0,0.0,0.04,0.04,0.0,0.04,Defenseur
Justin Devenny,22.47,18,5,603,6.7,1,0,1,0,1,1,0,0,0.15,0.0,0.15,0.0,0.0,Milieu
Kiernan Dewsbury-Hall,27.56,24,23,2005,22.3,6,3,9,6,0,0,6,0,0.27,0.13,0.4,0.27,0.4,Milieu
Bafodé Diakité,25.23,18,15,1277,14.2,0,0,0,0,0,0,1,0,0.0,0.0,0.0,0.0,0.0,Defenseur
Amad Diallo,23.72,25,22,1917,21.3,2,2,4,2,0,0,2,0,0.09,0.09,0.19,0.09,0.19,Milieu
Habib Diarra,22.24,14,12,1098,12.2,2,0,2,1,1,1,4,0,0.16,0.0,0.16,0.08,0.08,Milieu
Rúben Dias,28.88,25,23,2051,22.8,2,0,2,2,0,0,3,0,0.09,0.0,0.09,0.09,0.09,Defenseur
Tyler Dibling,20.05,14,4,358,4.0,0,0,0,0,0,0,2,0,0.0,0.0,0.0,0.0,0.0,Milieu
Lucas Digne,32.69,26,18,1557,17.3,0,4,4,0,0,0,3,0,0.0,0.23,0.23,0.0,0.23,Defenseur
Issa Diop,29.22,10,6,596,6.6,0,0,0,0,0,0,2,0,0.0,0.0,0.0,0.0,0.0,Defenseur
El Hadji Malick Diouf,21.25,25,23,2094,23.3,0,5,5,0,0,0,4,0,0.0,0.21,0.21,0.0,0.21,Defenseur
Axel Disasi,28.05,7,7,630,7.0,0,0,0,0,0,0,0,0,0.0,0.0,0.0,0.0,0.0,Defenseur
Matt Doherty,34.2,10,10,702,7.8,0,0,0,0,0,0,4,0,0.0,0.0,0.0,0.0,0.0,Defenseur
Jeremy Doku,23.84,22,13,1231,13.7,1,4,5,1,0,0,0,0,0.07,0.29,0.37,0.07,0.37,Milieu
Nicolás Domínguez,27.75,20,14,935,10.4,1,0,1,1,0,0,2,0,0.1,0.0,0.1,0.1,0.1,Milieu
Gianluigi Donnarumma,27.09,27,27,2430,27.0,0,0,0,0,0,0,6,0,0.0,0.0,0.0,0.0,0.0,Gardien
Romelle Donovan,19.33,4,0,41,0.5,0,0,0,0,0,0,0,0,0.0,0.0,0.0,0.0,0.0,Attaquant
Patrick Dorgu,21.42,22,14,1335,14.8,3,3,6,3,0,0,5,0,0.2,0.2,0.4,0.2,0.4,Milieu
Max Dowman,16.24,3,0,46,0.5,1,0,1,1,0,0,0,0,1.96,0.0,1.96,1.96,1.96,Milieu
Radu Drăgușin,24.15,8,5,515,5.7,0,0,0,0,0,0,0,0,0.0,0.0,0.0,0.0,0.0,Defenseur
Joél Drakes-Thomas,16.8,2,0,9,0.1,0,0,0,0,0,0,0,0,0.0,0.0,0.0,0.0,0.0,Milieu
Martin Dúbravka,37.2,31,31,2790,31.0,0,0,0,0,0,0,1,0,0.0,0.0,0.0,0.0,0.0,Gardien
Lewis Dunk,34.35,29,28,2565,28.5,0,0,0,0,0,0,10,0,0.0,0.0,0.0,0.0,0.0,Defenseur
George Earthy,21.56,1,0,9,0.1,0,0,0,0,0,0,0,0,0.0,0.0,0.0,0.0,0.0,Milieu
Odsonne Édouard,28.2,1,0,3,0.0,0,0,0,0,0,0,0,0,0.0,0.0,0.0,0.0,0.0,Attaquant
Tom Edozie,19.87,1,0,7,0.1,1,0,1,1,0,0,0,0,12.86,0.0,12.86,12.86,12.86,Milieu
Alysson Edward,19.9,3,0,49,0.5,0,0,0,0,0,0,0,0,0.0,0.0,0.0,0.0,0.0,Milieu
Marcus Edwards,27.32,19,9,910,10.1,1,3,4,1,0,0,0,0,0.1,0.3,0.4,0.1,0.4,Milieu
Hjalmar Ekdal,27.44,15,13,1179,13.1,0,0,0,0,0,0,0,0,0.0,0.0,0.0,0.0,0.0,Defenseur
Hugo Ekitike,23.77,28,21,1803,20.0,11,4,15,11,0,0,0,0,0.55,0.2,0.75,0.55,0.75,Attaquant
Anthony Elanga,23.92,27,13,1221,13.6,0,1,1,0,0,0,0,0,0.0,0.07,0.07,0.0,0.07,Attaquant
Melker Ellborg,22.85,3,3,270,3.0,0,0,0,0,0,0,0,0,0.0,0.0,0.0,0.0,0.0,Gardien
Harvey Elliott,22.99,4,1,112,1.2,0,0,0,0,0,0,0,0,0.0,0.0,0.0,0.0,0.0,Milieu
Harvey Elliott,22.99,1,0,1,0.0,0,0,0,0,0,0,0,0,0.0,0.0,0.0,0.0,0.0,Attaquant
Wataru Endo,33.13,8,1,175,1.9,0,1,1,0,0,0,1,0,0.0,0.51,0.51,0.0,0.51,Defenseur
Romain Esse,20.88,4,0,44,0.5,0,0,0,0,0,0,0,0,0.0,0.0,0.0,0.0,0.0,Milieu
Maxime Estève,23.84,28,28,2401,26.7,0,0,0,0,0,0,0,0,0.0,0.0,0.0,0.0,0.0,Defenseur
Evanilson,26.48,29,25,2194,24.4,6,0,6,6,0,0,1,0,0.25,0.0,0.25,0.25,0.25,Attaquant
Eberechi Eze,27.75,25,16,1419,15.8,6,2,8,6,0,0,1,0,0.38,0.13,0.51,0.38,0.51,Milieu
Eberechi Eze,27.75,1,1,83,0.9,0,0,0,0,0,0,0,0,0.0,0.0,0.0,0.0,0.0,Milieu
Bruno Fernandes,31.56,28,28,2434,27.0,8,16,24,4,4,6,3,0,0.3,0.59,0.89,0.15,0.74,Milieu
Mateus Fernandes,21.72,29,28,2392,26.6,3,3,6,3,0,0,6,0,0.11,0.11,0.23,0.11,0.23,Milieu
Enzo Fernández,25.2,30,29,2578,28.6,8,3,11,6,2,2,8,0,0.28,0.1,0.38,0.21,0.31,Milieu
Zian Flemming,27.66,22,14,1189,13.2,8,0,8,6,2,2,3,0,0.61,0.0,0.61,0.45,0.45,Attaquant
Jack Fletcher,19.03,3,0,108,1.2,0,0,0,0,0,0,0,0,0.0,0.0,0.0,0.0,0.0,Milieu
Tyler Fletcher,19.03,1,0,1,0.0,0,0,0,0,0,0,0,0,0.0,0.0,0.0,0.0,0.0,Milieu
Phil Foden,25.84,26,21,1811,20.1,7,3,10,7,0,0,4,0,0.35,0.15,0.5,0.35,0.5,Milieu
Wesley Fofana,25.28,19,14,1276,14.2,0,1,1,0,0,0,6,1,0.0,0.07,0.07,0.0,0.07,Defenseur
Lyle Foster,25.57,23,15,1303,14.5,3,2,5,3,0,0,4,0,0.21,0.14,0.35,0.21,0.35,Attaquant
Tyler Fredricson,21.1,1,0,3,0.0,0,0,0,0,0,0,0,0,0.0,0.0,0.0,0.0,0.0,Defenseur
Jeremie Frimpong,25.3,15,9,752,8.4,0,1,1,0,0,0,1,0,0.0,0.12,0.12,0.0,0.12,Defenseur
Niclas Füllkrug,33.13,8,5,409,4.5,0,0,0,0,0,0,0,0,0.0,0.0,0.0,0.0,0.0,Attaquant
Cody Gakpo,26.9,29,25,2145,23.8,6,3,9,6,0,0,2,0,0.25,0.13,0.38,0.25,0.38,Milieu
Conor Gallagher,26.14,9,7,585,6.5,0,1,1,0,0,0,0,0,0.0,0.15,0.15,0.0,0.15,Milieu
Idrissa Gana Gueye,36.51,22,22,1845,20.5,2,2,4,2,0,0,1,1,0.1,0.1,0.2,0.1,0.2,Milieu
Ben Gannon-Doak,20.38,5,0,61,0.7,0,1,1,0,0,0,0,0,0.0,1.48,1.48,0.0,1.48,Milieu
Andrés García,23.14,4,0,40,0.4,0,0,0,0,0,0,0,0,0.0,0.0,0.0,0.0,0.0,Defenseur
Alejandro Garnacho,21.74,20,14,1122,12.5,1,4,5,1,0,0,2,0,0.08,0.32,0.4,0.08,0.4,Milieu
James Garner,25.05,31,31,2783,30.9,2,6,8,2,0,0,7,0,0.06,0.19,0.26,0.06,0.26,Milieu
Lutsharel Geertruida,25.7,25,14,1423,15.8,0,0,0,0,0,0,1,0,0.0,0.0,0.0,0.0,0.0,Defenseur
Tyrique George,20.15,4,0,145,1.6,0,0,0,0,0,0,2,0,0.0,0.0,0.0,0.0,0.0,Attaquant
Tyrique George,20.15,5,1,106,1.2,0,0,0,0,0,0,0,0,0.0,0.0,0.0,0.0,0.0,Milieu
Morgan Gibbs-White,26.17,31,30,2637,29.3,9,2,11,8,1,1,1,0,0.31,0.07,0.38,0.27,0.34,Milieu
Jamie Gittens,21.64,16,5,495,5.5,0,2,2,0,0,0,0,0,0.0,0.36,0.36,0.0,0.36,Milieu
Wilfried Gnonto,22.4,16,4,387,4.3,0,1,1,0,0,0,3,0,0.0,0.23,0.23,0.0,0.23,Attaquant
Angel Gomes,25.58,7,4,284,3.2,0,0,0,0,0,0,1,0,0.0,0.0,0.0,0.0,0.0,Milieu
João Gomes,25.13,29,26,2297,25.5,1,1,2,1,0,0,9,0,0.04,0.04,0.08,0.04,0.08,Milieu
Rodrigo Gomes,22.73,15,6,602,6.7,3,0,3,3,0,0,0,0,0.45,0.0,0.45,0.45,0.45,Milieu
Toti Gomes,27.2,14,13,1039,11.5,0,0,0,0,0,0,2,1,0.0,0.0,0.0,0.0,0.0,Defenseur
Diego Gómez,23.01,28,23,1930,21.4,5,1,6,5,0,0,9,0,0.23,0.05,0.28,0.23,0.28,Milieu
Joe Gomez,28.85,16,6,500,5.6,0,2,2,0,0,0,2,0,0.0,0.36,0.36,0.0,0.36,Defenseur
Nicolás González,24.24,21,15,1376,15.3,1,0,1,1,0,0,6,0,0.07,0.0,0.07,0.07,0.07,Milieu
Anthony Gordon,25.09,25,23,1725,19.2,6,2,8,3,3,3,3,1,0.31,0.1,0.42,0.16,0.26,Attaquant
Ryan Gravenberch,23.87,29,29,2518,28.0,4,3,7,4,0,0,5,0,0.14,0.11,0.25,0.14,0.25,Milieu
Archie Gray,20.05,21,17,1374,15.3,2,2,4,2,0,0,5,0,0.13,0.13,0.26,0.13,0.26,Milieu
Jack Grealish,30.55,20,18,1627,18.1,2,6,8,2,0,0,5,1,0.11,0.33,0.44,0.11,0.44,Milieu
Pascal Groß,34.79,12,11,1006,11.2,1,1,2,1,0,0,2,0,0.09,0.09,0.18,0.09,0.18,Milieu
Brajan Gruda,21.83,18,8,719,8.0,1,1,2,1,0,0,2,0,0.13,0.13,0.25,0.13,0.25,Milieu
Ilia Gruev,25.9,21,15,1293,14.4,0,3,3,0,0,0,3,0,0.0,0.21,0.21,0.0,0.21,Milieu
Gabriel Gudmundsson,26.92,29,28,2362,26.2,0,0,0,0,0,0,6,1,0.0,0.0,0.0,0.0,0.0,Defenseur
Marc Guéhi,25.71,20,20,1800,20.0,2,2,4,2,0,0,4,0,0.1,0.1,0.2,0.1,0.2,Defenseur
Marc Guéhi,25.71,8,8,720,8.0,0,0,0,0,0,0,1,0,0.0,0.0,0.0,0.0,0.0,Defenseur
Evann Guessand,24.74,13,6,588,6.5,0,1,1,0,0,0,0,0,0.0,0.15,0.15,0.0,0.15,Milieu
Evann Guessand,24.74,6,3,300,3.3,1,1,2,1,0,0,0,0,0.3,0.3,0.6,0.3,0.6,Milieu
Luis Guilherme,20.13,5,1,125,1.4,0,0,0,0,0,0,0,0,0.0,0.0,0.0,0.0,0.0,Attaquant
Bruno Guimarães,28.37,23,22,2017,22.4,9,4,13,7,2,2,5,0,0.4,0.18,0.58,0.31,0.49,Milieu
Marc Guiu,20.23,2,0,15,0.2,0,0,0,0,0,0,0,0,0.0,0.0,0.0,0.0,0.0,Attaquant
Marc Guiu,20.23,7,1,238,2.6,0,1,1,0,0,0,1,0,0.0,0.38,0.38,0.0,0.38,Attaquant
Angus Gunn,30.18,1,0,45,0.5,0,0,0,0,0,0,0,0,0.0,0.0,0.0,0.0,0.0,Gardien
Malo Gusto,22.86,28,20,1741,19.3,2,3,5,2,0,0,4,1,0.1,0.16,0.26,0.1,0.26,Defenseur
Joško Gvardiol,24.18,16,15,1302,14.5,2,2,4,2,0,0,2,0,0.14,0.14,0.28,0.14,0.28,Defenseur
Viktor Gyökeres,27.82,29,23,1892,21.0,11,0,11,9,2,2,4,0,0.52,0.0,0.52,0.43,0.43,Attaquant
Erling Haaland,25.69,29,28,2413,26.8,22,7,29,19,3,4,1,0,0.82,0.26,1.08,0.71,0.97,Attaquant
Lewis Hall,21.56,24,19,1753,19.5,1,1,2,1,0,0,3,0,0.05,0.05,0.1,0.05,0.1,Defenseur
Jack Harrison,29.36,11,1,269,3.0,0,0,0,0,0,0,0,0,0.0,0.0,0.0,0.0,0.0,Attaquant
Quilindschy Hartman,24.37,17,17,1500,16.7,0,4,4,0,0,0,1,0,0.0,0.24,0.24,0.0,0.24,Defenseur
Jorrel Hato,20.06,16,6,647,7.2,0,0,0,0,0,0,4,0,0.0,0.0,0.0,0.0,0.0,Defenseur
Kai Havertz,26.8,6,3,264,2.9,0,1,1,0,0,0,0,0,0.0,0.34,0.34,0.0,0.34,Milieu
Ayden Heaven,19.52,14,8,654,7.3,0,1,1,0,0,0,2,0,0.0,0.14,0.14,0.0,0.14,Defenseur
Jan Paul van Hecke,25.81,29,29,2580,28.7,3,2,5,3,0,0,7,0,0.1,0.07,0.17,0.1,0.17,Defenseur
Hwang Hee-chan,30.17,20,15,1149,12.8,2,1,3,1,1,1,3,0,0.16,0.08,0.23,0.08,0.16,Attaquant
George Hemmings,19.07,2,0,27,0.3,0,0,0,0,0,0,0,0,0.0,0.0,0.0,0.0,0.0,Milieu
Dean Henderson,29.05,29,29,2610,29.0,0,0,0,0,0,0,3,0,0.0,0.0,0.0,0.0,0.0,Gardien
Jordan Henderson,35.78,29,21,1820,20.2,1,3,4,1,0,0,4,0,0.05,0.15,0.2,0.05,0.2,Milieu
Rico Henry,28.73,25,14,1328,14.8,0,1,1,0,0,0,2,0,0.0,0.07,0.07,0.0,0.07,Defenseur
Mads Hermansen,25.72,11,11,990,11.0,0,0,0,0,0,0,0,0,0.0,0.0,0.0,0.0,0.0,Gardien
Aaron Hickey,23.8,18,7,599,6.7,0,0,0,0,0,0,1,0,0.0,0.0,0.0,0.0,0.0,Defenseur
James Hill,24.22,22,15,1476,16.4,0,3,3,0,0,0,2,0,0.0,0.18,0.18,0.0,0.18,Defenseur
Piero Hincapié,24.22,21,17,1503,16.7,1,2,3,1,0,0,2,0,0.06,0.12,0.18,0.06,0.18,Defenseur
Jack Hinshelwood,20.97,20,13,1176,13.1,1,3,4,1,0,0,0,0,0.08,0.23,0.31,0.08,0.31,Milieu
Ki-Jana Hoever,24.19,8,6,425,4.7,0,0,0,0,0,0,0,0,0.0,0.0,0.0,0.0,0.0,Milieu
Harry Howell,17.94,3,1,94,1.0,0,0,0,0,0,0,0,0,0.0,0.0,0.0,0.0,0.0,Milieu
Callum Hudson-Odoi,25.39,29,20,1751,19.5,3,3,6,3,0,0,0,0,0.15,0.15,0.31,0.15,0.31,Milieu
Will Hughes,30.95,27,15,1301,14.5,0,0,0,0,0,0,7,0,0.0,0.0,0.0,0.0,0.0,Milieu
Trai Hume,24.03,31,29,2581,28.7,0,1,1,0,0,0,8,0,0.0,0.03,0.03,0.0,0.03,Defenseur
Bashir Humphreys,23.04,15,13,1242,13.8,0,0,0,0,0,0,5,0,0.0,0.0,0.0,0.0,0.0,Defenseur
Omari Hutchinson,22.41,24,12,1287,14.3,1,3,4,1,0,0,0,0,0.07,0.21,0.28,0.07,0.28,Milieu
Igor,28.14,4,1,105,1.2,0,0,0,0,0,0,0,0,0.0,0.0,0.0,0.0,0.0,Defenseur
Tim Iroegbunam,22.75,23,13,1110,12.3,0,2,2,0,0,0,8,0,0.0,0.16,0.16,0.0,0.16,Milieu
Andy Irving,25.88,7,2,158,1.8,0,0,0,0,0,0,0,0,0.0,0.0,0.0,0.0,0.0,Milieu
Alexander Isak,26.52,10,6,504,5.6,2,1,3,2,0,0,0,0,0.36,0.18,0.54,0.36,0.54,Attaquant
Wilson Isidor,25.59,26,11,1068,11.9,4,0,4,4,0,0,1,0,0.34,0.0,0.34,0.34,0.34,Attaquant
Alex Iwobi,29.91,25,25,2131,23.7,4,3,7,4,0,0,3,0,0.17,0.13,0.3,0.17,0.3,Milieu
Daniel James,28.38,15,4,416,4.6,0,0,0,0,0,0,0,0,0.0,0.0,0.0,0.0,0.0,Attaquant
Reece James,26.31,27,20,1896,21.1,2,4,6,2,0,0,4,0,0.09,0.19,0.28,0.09,0.28,Defenseur
Vitaly Janelt,27.89,22,13,1261,14.0,1,4,5,1,0,0,7,0,0.07,0.29,0.36,0.07,0.36,Milieu
Mathias Jensen,30.24,29,19,1653,18.4,2,1,3,2,0,0,3,0,0.11,0.05,0.16,0.11,0.16,Milieu
Gabriel Jesus,28.99,11,2,313,3.5,2,0,2,2,0,0,2,0,0.58,0.0,0.58,0.58,0.58,Attaquant
Igor Jesus,25.09,30,22,1800,20.0,3,3,6,3,0,0,0,0,0.15,0.15,0.3,0.15,0.3,Attaquant
Álex Jiménez,20.89,27,22,1958,21.8,1,0,1,1,0,0,9,0,0.05,0.0,0.05,0.05,0.05,Defenseur
Raúl Jiménez,34.9,30,25,1974,21.9,9,3,12,5,4,4,5,0,0.41,0.14,0.55,0.23,0.36,Attaquant
Jamaldeen Jimoh,19.49,1,0,9,0.1,0,0,0,0,0,0,0,0,0.0,0.0,0.0,0.0,0.0,Milieu
João Pedro,24.51,31,27,2311,25.7,14,5,19,14,0,0,4,0,0.55,0.19,0.74,0.55,0.74,Attaquant
Joelinton,29.62,24,20,1688,18.8,2,1,3,2,0,0,9,0,0.11,0.05,0.16,0.11,0.16,Milieu
John,30.12,5,5,437,4.9,0,0,0,0,0,0,1,0,0.0,0.0,0.0,0.0,0.0,Gardien
Brennan Johnson,24.85,16,6,610,6.8,2,0,2,2,0,0,2,0,0.3,0.0,0.3,0.3,0.3,Milieu
Brennan Johnson,24.85,11,7,626,7.0,0,1,1,0,0,0,3,0,0.0,0.14,0.14,0.0,0.14,Milieu
Sam Johnstone,33.01,12,12,1080,12.0,0,0,0,0,0,0,0,0,0.0,0.0,0.0,0.0,0.0,Gardien
Curtis Jones,25.16,27,11,1356,15.1,0,1,1,0,0,0,1,0,0.0,0.07,0.07,0.0,0.07,Milieu
Eli Junior Kroupi,19.77,26,14,1158,12.9,9,0,9,8,1,1,3,0,0.7,0.0,0.7,0.62,0.62,Milieu
Hamed Junior Traorè,26.11,1,0,17,0.2,0,1,1,0,0,0,0,0,0.0,5.29,5.29,0.0,5.29,Milieu
James Justin,28.1,22,14,1271,14.1,1,1,2,1,0,0,2,0,0.07,0.07,0.14,0.07,0.14,Defenseur
Filip Jørgensen,23.95,3,2,264,2.9,0,0,0,0,0,0,0,0,0.0,0.0,0.0,0.0,0.0,Gardien
Ferdi Kadioglu,26.48,30,27,2503,27.8,0,0,0,0,0,0,6,0,0.0,0.0,0.0,0.0,0.0,Defenseur
Sasa Kalajdzic,28.73,1,0,15,0.2,0,0,0,0,0,0,0,0,0.0,0.0,0.0,0.0,0.0,Attaquant
Arnaud Kalimuendo,24.19,9,0,96,1.1,0,0,0,0,0,0,0,0,0.0,0.0,0.0,0.0,0.0,Attaquant
Daichi Kamada,29.65,20,17,1479,16.4,0,0,0,0,0,0,2,0,0.0,0.0,0.0,0.0,0.0,Milieu
Boubacar Kamara,26.35,18,17,1411,15.7,1,3,4,1,0,0,5,0,0.06,0.19,0.26,0.06,0.26,Milieu
Mohamadou Kanté,20.52,8,0,37,0.4,0,0,0,0,0,0,1,0,0.0,0.0,0.0,0.0,0.0,Milieu
Michael Kayode,21.72,30,30,2628,29.2,1,0,1,1,0,0,6,0,0.03,0.0,0.03,0.03,0.03,Defenseur
Michael Keane,33.21,27,24,2137,23.7,3,0,3,3,0,0,0,1,0.13,0.0,0.13,0.13,0.13,Defenseur
Caoimhín Kelleher,27.35,30,30,2700,30.0,0,0,0,0,0,0,1,0,0.0,0.0,0.0,0.0,0.0,Gardien
Milos Kerkez,22.39,28,25,2028,22.5,2,1,3,2,0,0,4,0,0.09,0.04,0.13,0.09,0.13,Defenseur
Kevin,23.23,23,8,908,10.1,1,1,2,1,0,0,1,0,0.1,0.1,0.2,0.1,0.2,Milieu
Abdukodir Khusanov,22.08,15,9,892,9.9,0,0,0,0,0,0,2,0,0.0,0.0,0.0,0.0,0.0,Defenseur
Max Kilman,28.85,21,17,1561,17.3,0,0,0,0,0,0,4,0,0.0,0.0,0.0,0.0,0.0,Defenseur
Joshua King,19.24,25,14,1139,12.7,1,2,3,1,0,0,3,0,0.08,0.16,0.24,0.08,0.24,Milieu
Justin Kluivert,26.9,18,10,919,10.2,2,0,2,2,0,0,4,0,0.2,0.0,0.2,0.2,0.2,Milieu
Joe Knight,20.52,1,0,1,0.0,0,0,0,0,0,0,0,0,0.0,0.0,0.0,0.0,0.0,Milieu
Randal Kolo Muani,27.31,23,15,1231,13.7,1,1,2,1,0,0,2,0,0.07,0.07,0.15,0.07,0.15,Attaquant
Ibrahima Konaté,26.85,29,29,2480,27.6,1,0,1,1,0,0,6,0,0.04,0.0,0.04,0.04,0.04,Defenseur
Ezri Konsa,28.43,30,30,2675,29.7,0,0,0,0,0,0,0,1,0.0,0.0,0.0,0.0,0.0,Defenseur
Charalampos Kostoulas,18.83,16,2,305,3.4,2,1,3,2,0,0,2,0,0.59,0.3,0.89,0.59,0.89,Attaquant
Mateo Kovačić,31.9,1,0,5,0.1,0,0,0,0,0,0,0,0,0.0,0.0,0.0,0.0,0.0,Milieu
Emil Krafth,31.66,1,1,45,0.5,0,0,0,0,0,0,0,0,0.0,0.0,0.0,0.0,0.0,Defenseur
Ladislav Krejčí,26.94,24,23,2037,22.6,2,1,3,2,0,0,5,1,0.09,0.04,0.13,0.09,0.13,Defenseur
Mohammed Kudus,25.66,19,19,1535,17.1,2,5,7,2,0,0,3,0,0.12,0.29,0.41,0.12,0.41,Milieu
Jonah Kusi-Asare,18.74,5,0,34,0.4,0,0,0,0,0,0,1,0,0.0,0.0,0.0,0.0,0.0,Attaquant
Shea Lacey,18.96,2,0,14,0.2,0,0,0,0,0,0,0,0,0.0,0.0,0.0,0.0,0.0,Attaquant
Maxence Lacroix,25.98,28,28,2485,27.6,1,2,3,1,0,0,3,1,0.04,0.07,0.11,0.04,0.11,Defenseur
Senne Lammens,23.73,25,25,2250,25.0,0,0,0,0,0,0,0,0,0.0,0.0,0.0,0.0,0.0,Gardien
Jamaal Lascelles,32.38,2,0,21,0.2,0,0,0,0,0,0,0,0,0.0,0.0,0.0,0.0,0.0,Defenseur
Josh Laurent,30.9,28,16,1585,17.6,1,0,1,1,0,0,7,1,0.06,0.0,0.06,0.06,0.06,Defenseur
Roméo Lavia,22.23,8,2,226,2.5,0,0,0,0,0,0,0,0,0.0,0.0,0.0,0.0,0.0,Milieu
Enzo Le Fée,26.15,29,26,2301,25.6,4,4,8,1,3,4,5,0,0.16,0.16,0.31,0.04,0.2,Milieu
Bernd Leno,34.07,31,31,2790,31.0,0,0,0,0,0,0,3,0,0.0,0.0,0.0,0.0,0.0,Gardien
Jefferson Lerma,31.43,24,13,1255,13.9,0,2,2,0,0,0,6,0,0.0,0.14,0.14,0.0,0.14,Milieu
Rico Lewis,21.35,10,3,317,3.5,0,1,1,0,0,0,1,0,0.0,0.28,0.28,0.0,0.28,Defenseur
Keane Lewis-Potter,25.1,29,15,1345,14.9,3,2,5,3,0,0,1,0,0.2,0.13,0.33,0.2,0.33,Milieu
Myles Lewis-Skelly,19.51,14,1,321,3.6,0,0,0,0,0,0,3,0,0.0,0.0,0.0,0.0,0.0,Defenseur
Matthijs de Ligt,26.63,13,13,1170,13.0,1,0,1,1,0,0,0,0,0.08,0.0,0.08,0.08,0.08,Defenseur
Pedro Lima,19.74,3,0,4,0.0,0,0,0,0,0,0,0,0,0.0,0.0,0.0,0.0,0.0,Defenseur
Victor Lindelöf,31.7,12,6,578,6.4,0,1,1,0,0,0,0,0,0.0,0.16,0.16,0.0,0.16,Defenseur
Valentino Livramento,23.38,15,12,1165,12.9,0,1,1,0,0,0,1,0,0.0,0.08,0.08,0.0,0.08,Defenseur
Sean Longstaff,28.41,17,10,947,10.5,1,2,3,1,0,0,2,0,0.1,0.19,0.29,0.1,0.29,Milieu
Fer López,21.85,9,2,235,2.6,0,1,1,0,0,0,1,0,0.0,0.38,0.38,0.0,0.38,Milieu
Lucas,25.02,15,12,1104,12.3,0,0,0,0,0,0,0,1,0.0,0.0,0.0,0.0,0.0,Milieu
Lorenzo Lucca,25.55,3,1,121,1.3,1,0,1,1,0,0,0,0,0.74,0.0,0.74,0.74,0.74,Attaquant
Florentino Luís,26.61,24,20,1654,18.4,0,2,2,0,0,0,4,0,0.0,0.11,0.11,0.0,0.11,Milieu
Douglas Luiz,27.89,8,6,489,5.4,1,0,1,1,0,0,0,0,0.18,0.0,0.18,0.18,0.18,Milieu
Douglas Luiz,27.89,8,5,315,3.5,0,0,0,0,0,0,2,0,0.0,0.0,0.0,0.0,0.0,Milieu
Saša Lukić,29.63,20,15,1239,13.8,1,2,3,1,0,0,6,0,0.07,0.15,0.22,0.07,0.22,Milieu
Ian Maatsen,24.05,24,13,1264,14.0,0,0,0,0,0,0,2,0,0.0,0.0,0.0,0.0,0.0,Defenseur
Alexis Mac Allister,27.26,30,26,2179,24.2,2,2,4,2,0,0,5,0,0.08,0.08,0.17,0.08,0.17,Milieu
Noni Madueke,24.05,20,12,895,9.9,2,1,3,2,0,0,0,0,0.2,0.1,0.3,0.2,0.3,Attaquant
Gabriel Magalhães,28.28,25,24,2166,24.1,3,4,7,3,0,0,3,0,0.12,0.17,0.29,0.12,0.29,Defenseur
Soungoutou Magassa,22.47,20,11,972,10.8,1,0,1,1,0,0,4,0,0.09,0.0,0.09,0.09,0.09,Milieu
Harry Maguire,33.07,18,14,1203,13.4,1,1,2,1,0,0,3,1,0.07,0.07,0.15,0.07,0.15,Defenseur
Kobbie Mainoo,20.94,22,10,1122,12.5,0,2,2,0,0,0,0,0,0.0,0.16,0.16,0.0,0.16,Milieu
Tyrell Malacia,26.62,2,0,9,0.1,0,0,0,0,0,0,0,0,0.0,0.0,0.0,0.0,0.0,Defenseur
Donyell Malen,27.22,21,5,656,7.3,4,1,5,4,0,0,0,0,0.55,0.14,0.69,0.55,0.69,Attaquant
Giorgi Mamardashvili,25.5,6,6,540,6.0,0,0,0,0,0,0,0,0,0.0,0.0,0.0,0.0,0.0,Gardien
Reinildo Mandava,32.19,18,17,1428,15.9,0,1,1,0,0,0,7,1,0.0,0.06,0.06,0.0,0.06,Defenseur
Mateus Mane,18.53,20,14,1286,14.3,2,1,3,2,0,0,0,0,0.14,0.07,0.21,0.14,0.21,Milieu
Bendito Mantato,18.18,1,0,16,0.2,0,0,0,0,0,0,0,0,0.0,0.0,0.0,0.0,0.0,Milieu
Solly March,31.69,1,0,5,0.1,0,0,0,0,0,0,0,0,0.0,0.0,0.0,0.0,0.0,Milieu
Omar Marmoush,27.14,17,7,572,6.4,1,3,4,1,0,0,2,0,0.16,0.47,0.63,0.16,0.63,Attaquant
Callum Marshall,21.33,2,0,60,0.7,0,0,0,0,0,0,0,0,0.0,0.0,0.0,0.0,0.0,Attaquant
Gabriel Martinelli,24.78,25,9,854,9.5,1,3,4,1,0,0,2,0,0.11,0.32,0.42,0.11,0.42,Attaquant
Emiliano Martínez,33.57,27,27,2385,26.5,0,0,0,0,0,0,2,0,0.0,0.0,0.0,0.0,0.0,Gardien
Lisandro Martínez,28.19,14,9,908,10.1,0,0,0,0,0,0,0,0,0.0,0.0,0.0,0.0,0.0,Defenseur
Arthur Masuaku,32.39,3,2,126,1.4,0,0,0,0,0,0,1,0,0.0,0.0,0.0,0.0,0.0,Defenseur
Pape Matar Sarr,23.54,22,13,1327,14.7,2,3,5,2,0,0,2,0,0.14,0.2,0.34,0.14,0.34,Milieu
Jean-Philippe Mateta,28.75,24,23,1935,21.5,8,0,8,5,3,3,2,0,0.37,0.0,0.37,0.23,0.23,Attaquant
Konstantinos Mavropanos,28.3,24,20,1904,21.2,1,0,1,1,0,0,2,0,0.05,0.0,0.05,0.05,0.05,Defenseur
Eliezer Mayenda,20.89,19,8,758,8.4,2,0,2,2,0,0,0,0,0.24,0.0,0.24,0.24,0.24,Attaquant
Ezra Mayers,19.2,6,0,117,1.3,0,0,0,0,0,0,0,0,0.0,0.0,0.0,0.0,0.0,Defenseur
Noussair Mazraoui,28.37,15,7,618,6.9,0,0,0,0,0,0,3,0,0.0,0.0,0.0,0.0,0.0,Milieu
Bryan Mbeumo,26.64,26,26,2187,24.3,9,3,12,9,0,0,4,0,0.37,0.12,0.49,0.37,0.49,Milieu
James Mcatee,23.45,10,1,180,2.0,0,0,0,0,0,0,1,0,0.0,0.0,0.0,0.0,0.0,Milieu
John McGinn,31.45,24,23,1717,19.1,4,2,6,4,0,0,3,0,0.21,0.1,0.31,0.21,0.31,Milieu
Dwight McNeil,26.35,18,11,949,10.5,0,1,1,0,0,0,1,0,0.0,0.09,0.09,0.0,0.09,Milieu
Hannibal Mejbri,23.19,23,12,990,11.0,1,3,4,1,0,0,7,0,0.09,0.27,0.36,0.09,0.36,Milieu
Mikel Merino,29.77,21,10,1007,11.2,4,3,7,4,0,0,1,0,0.36,0.27,0.63,0.36,0.63,Milieu
Antoni Milambo,20.99,1,1,45,0.5,0,0,0,0,0,0,0,0,0.0,0.0,0.0,0.0,0.0,Milieu
Nikola Milenković,28.46,31,31,2790,31.0,0,0,0,0,0,0,6,0,0.0,0.0,0.0,0.0,0.0,Defenseur
Lewis Miley,19.91,19,11,1136,12.6,1,3,4,1,0,0,0,0,0.08,0.24,0.32,0.08,0.32,Milieu
James Milner,40.23,19,6,726,8.1,1,1,2,0,1,1,2,0,0.12,0.12,0.25,0.0,0.12,Milieu
Veljko Milosavljević,18.75,7,4,368,4.1,0,0,0,0,0,0,0,0,0.0,0.0,0.0,0.0,0.0,Defenseur
Tyrone Mings,33.05,13,11,964,10.7,0,0,0,0,0,0,0,0,0.0,0.0,0.0,0.0,0.0,Defenseur
Yankuba Minteh,21.69,27,20,1832,20.4,2,4,6,2,0,0,2,0,0.1,0.2,0.29,0.1,0.29,Milieu
Tyrick Mitchell,26.57,30,30,2667,29.6,1,1,2,1,0,0,5,0,0.03,0.03,0.07,0.03,0.07,Milieu
Kaoru Mitoma,28.86,20,16,1426,15.8,2,1,3,2,0,0,3,0,0.13,0.06,0.19,0.13,0.19,Milieu
Morato,24.75,15,10,941,10.5,0,0,0,0,0,0,4,0,0.0,0.0,0.0,0.0,0.0,Defenseur
Cristhian Mosquera,21.76,14,6,673,7.5,0,0,0,0,0,0,2,0,0.0,0.0,0.0,0.0,0.0,Defenseur
Yerson Mosquera,24.91,22,19,1706,19.0,0,0,0,0,0,0,10,0,0.0,0.0,0.0,0.0,0.0,Defenseur
Mason Mount,27.22,18,10,817,9.1,3,0,3,3,0,0,0,0,0.33,0.0,0.33,0.33,0.33,Milieu
Divine Mukasa,18.6,2,0,27,0.3,0,0,0,0,0,0,0,0,0.0,0.0,0.0,0.0,0.0,Milieu
Nordi Mukiele,28.41,25,25,2163,24.0,1,3,4,1,0,0,4,0,0.04,0.12,0.17,0.04,0.17,Defenseur
Romaine Mundle,22.93,14,2,411,4.6,0,0,0,0,0,0,1,0,0.0,0.0,0.0,0.0,0.0,Milieu
Marshall Munetsi,29.77,13,9,875,9.7,1,1,2,1,0,0,2,0,0.1,0.1,0.21,0.1,0.21,Milieu
Rodrigo Muniz,24.9,14,5,585,6.5,1,1,2,1,0,0,1,0,0.15,0.15,0.31,0.15,0.31,Attaquant
Daniel Muñoz,29.84,21,21,1778,19.8,3,2,5,3,0,0,5,0,0.15,0.1,0.25,0.15,0.25,Milieu
Murillo,23.74,23,23,1999,22.2,1,0,1,1,0,0,4,0,0.05,0.0,0.05,0.05,0.05,Defenseur
Alex Murphy,21.76,1,0,2,0.0,0,0,0,0,0,0,0,0,0.0,0.0,0.0,0.0,0.0,Defenseur
Jacob Murphy,31.09,26,14,1246,13.8,3,1,4,3,0,0,1,0,0.22,0.07,0.29,0.22,0.29,Attaquant
Vitaliy Mykolenko,26.84,26,26,2328,25.9,0,1,1,0,0,0,5,0,0.0,0.04,0.04,0.0,0.04,Defenseur
David Møller Wolfe,23.93,18,9,846,9.4,0,2,2,0,0,0,1,0,0.0,0.21,0.21,0.0,0.21,Milieu
Iliman Ndiaye,26.07,25,25,2148,23.9,6,3,9,4,2,2,2,0,0.25,0.13,0.38,0.17,0.29,Milieu
Dan Ndoye,25.43,23,14,1171,13.0,1,1,2,1,0,0,1,0,0.08,0.08,0.15,0.08,0.15,Milieu
Dan Neil,24.29,3,0,14,0.2,0,0,0,0,0,0,0,0,0.0,0.0,0.0,0.0,0.0,Milieu
Reiss Nelson,26.3,7,0,61,0.7,0,0,0,0,0,0,0,0,0.0,0.0,0.0,0.0,0.0,Attaquant
Pedro Neto,26.06,29,25,2209,24.5,5,4,9,5,0,0,4,1,0.2,0.16,0.37,0.2,0.37,Milieu
Luca Netz,22.87,2,0,50,0.6,0,0,0,0,0,0,0,0,0.0,0.0,0.0,0.0,0.0,Defenseur
Rio Ngumoha,17.58,13,1,229,2.5,1,0,1,1,0,0,0,0,0.39,0.0,0.39,0.39,0.39,Milieu
Eddie Nketiah,26.83,12,2,424,4.7,2,0,2,2,0,0,2,0,0.42,0.0,0.42,0.42,0.42,Milieu
Lukas Nmecha,27.29,25,9,880,9.8,6,1,7,4,2,3,0,0,0.61,0.1,0.72,0.41,0.51,Attaquant
Matheus Nunes,27.59,27,25,2265,25.2,1,4,5,1,0,0,4,0,0.04,0.16,0.2,0.04,0.2,Defenseur
Ethan Nwaneri,19.02,6,0,171,1.9,0,0,0,0,0,0,0,0,0.0,0.0,0.0,0.0,0.0,Milieu
Trey Nyoni,18.75,4,0,15,0.2,0,0,0,0,0,0,0,0,0.0,0.0,0.0,0.0,0.0,Milieu
Christian Nørgaard,32.05,6,0,61,0.7,0,0,0,0,0,0,0,0,0.0,0.0,0.0,0.0,0.0,Milieu
Jake O'Brien,24.87,30,28,2548,28.3,0,1,1,0,0,0,2,1,0.0,0.04,0.04,0.0,0.04,Defenseur
Luke O'Nien,31.35,8,2,231,2.6,0,0,0,0,0,0,1,1,0.0,0.0,0.0,0.0,0.0,Defenseur
Matt O'Riley,25.35,4,2,187,2.1,1,0,1,0,1,1,0,0,0.48,0.0,0.48,0.0,0.0,Milieu
Wilson Odobert,21.33,24,10,985,10.9,0,2,2,0,0,0,0,0,0.0,0.18,0.18,0.0,0.18,Milieu
Noah Okafor,25.85,24,15,1295,14.4,4,0,4,4,0,0,3,0,0.28,0.0,0.28,0.28,0.28,Attaquant
Callum Olusesi,19.2,1,0,15,0.2,0,0,0,0,0,0,0,0,0.0,0.0,0.0,0.0,0.0,Milieu
Amadou Onana,24.62,22,19,1560,17.3,2,0,2,2,0,0,2,0,0.12,0.0,0.12,0.12,0.12,Milieu
Frank Onyeka,28.24,6,0,92,1.0,0,1,1,0,0,0,0,0,0.0,0.98,0.98,0.0,0.98,Milieu
Nehemiah Oriola,18.8,1,0,1,0.0,0,0,0,0,0,0,0,0,0.0,0.0,0.0,0.0,0.0,Milieu
Stefan Ortega,33.39,3,3,270,3.0,0,0,0,0,0,0,0,0,0.0,0.0,0.0,0.0,0.0,Gardien
William Osula,22.65,17,1,295,3.3,2,0,2,2,0,0,0,0,0.61,0.0,0.61,0.61,0.61,Attaquant
Dango Ouattara,24.13,25,19,1714,19.0,5,3,8,5,0,0,4,0,0.26,0.16,0.42,0.26,0.42,Milieu
Nico O’Reilly,21.02,28,23,2133,23.7,4,3,7,4,0,0,4,0,0.17,0.13,0.3,0.17,0.3,Defenseur
Pablo,22.24,7,5,405,4.5,0,0,0,0,0,0,0,0,0.0,0.0,0.0,0.0,0.0,Milieu
João Palhinha,30.72,26,19,1779,19.8,3,2,5,3,0,0,6,0,0.15,0.1,0.25,0.15,0.25,Milieu
Cole Palmer,23.9,20,18,1417,15.7,9,1,10,4,5,5,4,0,0.57,0.06,0.64,0.25,0.32,Milieu
Lucas Paquetá,28.59,18,18,1511,16.8,4,1,5,2,2,2,7,1,0.24,0.06,0.3,0.12,0.18,Milieu
Nathan Patterson,24.45,6,3,240,2.7,0,0,0,0,0,0,0,0,0.0,0.0,0.0,0.0,0.0,Defenseur
Myles Peart-Harris,23.53,1,0,1,0.0,0,0,0,0,0,0,0,0,0.0,0.0,0.0,0.0,0.0,Milieu
Lucas Perri,28.3,16,16,1440,16.0,0,0,0,0,0,0,2,0,0.0,0.0,0.0,0.0,0.0,Gardien
Đorđe Petrović,26.47,31,31,2790,31.0,0,0,0,0,0,0,2,0,0.0,0.0,0.0,0.0,0.0,Gardien
Jordan Pickford,32.06,31,31,2790,31.0,0,0,0,0,0,0,2,0,0.0,0.0,0.0,0.0,0.0,Gardien
Ethan Pinnock,32.84,4,4,318,3.5,0,0,0,0,0,0,1,0,0.0,0.0,0.0,0.0,0.0,Defenseur
Yeremi Pino,23.44,27,21,1721,19.1,2,1,3,2,0,0,4,0,0.1,0.05,0.16,0.1,0.16,Milieu
Joël Piroe,26.66,13,2,226,2.5,0,0,0,0,0,0,0,0,0.0,0.0,0.0,0.0,0.0,Attaquant
Nick Pope,33.94,22,22,1966,21.8,0,0,0,0,0,0,1,0,0.0,0.0,0.0,0.0,0.0,Gardien
Pedro Porro,26.54,27,25,2166,24.1,0,2,2,0,0,0,6,0,0.0,0.08,0.08,0.0,0.08,Defenseur
Freddie Potts,22.54,20,12,1146,12.7,0,1,1,0,0,0,1,0,0.0,0.08,0.08,0.0,0.08,Milieu
Aaron Ramsdale,27.88,10,9,824,9.2,0,0,0,0,0,0,1,0,0.0,0.0,0.0,0.0,0.0,Gardien
Jacob Ramsey,24.84,21,11,1081,12.0,2,1,3,2,0,0,5,1,0.17,0.08,0.25,0.17,0.25,Milieu
David Raya,30.54,31,31,2790,31.0,0,0,0,0,0,0,1,0,0.0,0.0,0.0,0.0,0.0,Gardien
Rayan,19.65,8,7,623,6.9,2,1,3,2,0,0,1,0,0.29,0.14,0.43,0.29,0.43,Milieu
Harrison Reed,31.17,6,0,31,0.3,1,0,1,1,0,0,0,0,2.9,0.0,2.9,2.9,2.9,Milieu
Tijjani Reijnders,27.67,26,17,1496,16.6,5,2,7,5,0,0,2,0,0.3,0.12,0.42,0.3,0.42,Milieu
Chadi Riad,22.78,6,3,314,3.5,0,1,1,0,0,0,2,0,0.0,0.29,0.29,0.0,0.29,Defenseur
Declan Rice,27.21,30,29,2581,28.7,4,5,9,4,0,0,2,0,0.14,0.17,0.31,0.14,0.31,Milieu
Chris Richards,26.01,26,26,2332,25.9,1,0,1,1,0,0,3,0,0.04,0.0,0.04,0.04,0.04,Defenseur
Richarlison,28.89,26,15,1511,16.8,9,3,12,9,0,0,5,0,0.54,0.18,0.71,0.54,0.71,Attaquant
Chris Rigg,18.78,13,8,558,6.2,0,0,0,0,0,0,0,0,0.0,0.0,0.0,0.0,0.0,Milieu
Patrick Roberts,29.15,1,0,28,0.3,0,0,0,0,0,0,0,0,0.0,0.0,0.0,0.0,0.0,Attaquant
Andrew Robertson,32.05,19,6,775,8.6,0,0,0,0,0,0,0,0,0.0,0.0,0.0,0.0,0.0,Defenseur
Antonee Robinson,28.64,15,12,1044,11.6,0,0,0,0,0,0,3,0,0.0,0.0,0.0,0.0,0.0,Defenseur
Kaden Rodney,21.48,1,0,4,0.0,0,0,0,0,0,0,0,0,0.0,0.0,0.0,0.0,0.0,Defenseur
Joe Rodon,28.44,29,29,2545,28.3,2,0,2,2,0,0,1,0,0.07,0.0,0.07,0.07,0.07,Defenseur
Rodri,29.77,18,14,1244,13.8,1,0,1,1,0,0,2,0,0.07,0.0,0.07,0.07,0.07,Milieu
Guido Rodríguez,31.96,6,2,180,2.0,0,0,0,0,0,0,1,0,0.0,0.0,0.0,0.0,0.0,Milieu
Robin Roefs,23.2,28,28,2520,28.0,0,0,0,0,0,0,3,0,0.0,0.0,0.0,0.0,0.0,Gardien
Morgan Rogers,23.68,31,31,2753,30.6,8,5,13,8,0,0,6,0,0.26,0.16,0.42,0.26,0.42,Milieu
Merlin Röhl,23.73,12,2,366,4.1,0,0,0,0,0,0,0,0,0.0,0.0,0.0,0.0,0.0,Milieu
Cristian Romero,27.92,22,21,1799,20.0,4,1,5,4,0,0,10,2,0.2,0.05,0.25,0.2,0.25,Defenseur
James Rowswell,19.71,1,0,1,0.0,0,0,0,0,0,0,0,0,0.0,0.0,0.0,0.0,0.0,Defenseur
Georginio Rutter,23.94,25,19,1603,17.8,2,2,4,2,0,0,2,0,0.11,0.11,0.22,0.11,0.22,Milieu
José Sá,33.2,19,19,1710,19.0,0,0,0,0,0,0,2,0,0.0,0.0,0.0,0.0,0.0,Gardien
Noah Sadiki,21.28,26,26,2292,25.5,0,0,0,0,0,0,7,0,0.0,0.0,0.0,0.0,0.0,Milieu
Bukayo Saka,24.56,27,22,1998,22.2,6,3,9,5,1,1,1,0,0.27,0.14,0.41,0.23,0.36,Attaquant
Mohamed Salah,33.79,22,19,1819,20.2,5,6,11,4,1,1,1,0,0.25,0.3,0.54,0.2,0.49,Milieu
William Saliba,25.02,25,24,2074,23.0,1,0,1,1,0,0,1,0,0.04,0.0,0.04,0.04,0.04,Defenseur
Robert Sánchez,28.36,29,29,2524,28.0,0,1,1,0,0,0,3,1,0.0,0.04,0.04,0.0,0.04,Gardien
Jadon Sancho,26.01,19,8,763,8.5,0,2,2,0,0,0,0,0,0.0,0.24,0.24,0.0,0.24,Milieu
Ibrahim Sangaré,28.32,23,21,1765,19.6,2,2,4,2,0,0,5,0,0.1,0.1,0.2,0.1,0.2,Milieu
Andrey Santos,21.91,23,10,1009,11.2,0,0,0,0,0,0,4,0,0.0,0.0,0.0,0.0,0.0,Milieu
Ismaila Sarr,28.09,20,20,1725,19.2,7,1,8,5,2,2,2,0,0.37,0.05,0.42,0.26,0.31,Milieu
Mamadou Sarr,20.58,2,1,92,1.0,0,0,0,0,0,0,0,0,0.0,0.0,0.0,0.0,0.0,Defenseur
Sávio,21.97,17,5,573,6.4,0,1,1,0,0,0,2,0,0.0,0.16,0.16,0.0,0.16,Milieu
Nicolò Savona,23.03,14,11,1028,11.4,2,0,2,2,0,0,2,0,0.18,0.0,0.18,0.18,0.18,Defenseur
Oliver Scarles,20.3,12,9,656,7.3,0,0,0,0,0,0,1,0,0.0,0.0,0.0,0.0,0.0,Defenseur
Dane Scarlett,22.02,2,0,9,0.1,0,0,0,0,0,0,0,0,0.0,0.0,0.0,0.0,0.0,Attaquant
Kevin Schade,24.34,28,26,2206,24.5,7,3,10,7,0,1,6,1,0.29,0.12,0.41,0.29,0.41,Milieu
Fabian Schär,34.27,16,11,1091,12.1,0,0,0,0,0,0,1,0,0.0,0.0,0.0,0.0,0.0,Defenseur
Alex Scott,22.61,31,28,2310,25.7,2,1,3,2,0,0,3,0,0.08,0.04,0.12,0.08,0.12,Milieu
Jenson Seelt,22.85,2,1,134,1.5,0,0,0,0,0,0,0,0,0.0,0.0,0.0,0.0,0.0,Defenseur
Matz Sels,34.09,24,23,2038,22.6,0,0,0,0,0,0,2,0,0.0,0.0,0.0,0.0,0.0,Gardien
Antoine Semenyo,26.22,9,9,789,8.8,5,1,6,5,0,0,0,0,0.57,0.11,0.68,0.57,0.68,Milieu
Antoine Semenyo,26.22,20,20,1798,20.0,10,3,13,9,1,2,6,0,0.5,0.15,0.65,0.45,0.6,Milieu
Marcos Senesi,28.89,30,30,2658,29.5,0,4,4,0,0,0,8,0,0.0,0.14,0.14,0.0,0.14,Defenseur
Benjamin Šeško,22.83,26,13,1342,14.9,9,1,10,9,0,0,2,0,0.6,0.07,0.67,0.6,0.67,Attaquant
Ryan Sessegnon,25.87,24,18,1641,18.2,2,1,3,2,0,0,0,0,0.11,0.05,0.16,0.11,0.16,Defenseur
Luke Shaw,30.71,31,31,2615,29.1,0,1,1,0,0,0,5,0,0.0,0.03,0.03,0.0,0.03,Defenseur
Bernardo Silva,31.64,30,26,2245,24.9,2,4,6,2,0,0,9,0,0.08,0.16,0.24,0.08,0.24,Milieu
Jota Silva,26.66,1,0,12,0.1,0,0,0,0,0,0,0,0,0.0,0.0,0.0,0.0,0.0,Attaquant
Xavi Simons,22.94,25,17,1597,17.7,1,4,5,1,0,0,4,1,0.06,0.23,0.28,0.06,0.28,Milieu
Adam Smith,34.92,18,11,808,9.0,0,1,1,0,0,0,3,0,0.0,0.11,0.11,0.0,0.11,Defenseur
Emile Smith Rowe,25.67,30,16,1466,16.3,3,0,3,3,0,0,1,0,0.18,0.0,0.18,0.18,0.18,Milieu
Dominic Solanke,28.54,12,8,782,8.7,3,0,3,3,0,0,1,0,0.35,0.0,0.35,0.35,0.35,Attaquant
Julio Soler,21.11,3,0,35,0.4,0,0,0,0,0,0,0,0,0.0,0.0,0.0,0.0,0.0,Defenseur
Oliver Sonne,25.38,7,1,169,1.9,1,0,1,1,0,0,0,0,0.53,0.0,0.53,0.53,0.53,Defenseur
Borna Sosa,28.19,5,0,55,0.6,0,0,0,0,0,0,0,0,0.0,0.0,0.0,0.0,0.0,Defenseur
Tomáš Souček,31.08,28,17,1598,17.8,4,0,4,4,0,0,2,1,0.23,0.0,0.23,0.23,0.23,Milieu
Souza,19.79,4,2,144,1.6,0,0,0,0,0,0,1,0,0.0,0.0,0.0,0.0,0.0,Milieu
Djed Spence,25.64,24,21,1808,20.1,0,0,0,0,0,0,4,0,0.0,0.0,0.0,0.0,0.0,Defenseur
Anton Stach,27.37,26,25,2136,23.7,4,3,7,4,0,0,3,0,0.17,0.13,0.29,0.17,0.29,Milieu
John Stones,31.84,7,4,353,3.9,0,0,0,0,0,0,0,0,0.0,0.0,0.0,0.0,0.0,Defenseur
Jørgen Strand Larsen,26.14,22,14,1404,15.6,1,1,2,0,1,2,2,0,0.06,0.06,0.13,0.0,0.06,Attaquant
Jørgen Strand Larsen,26.14,6,6,466,5.2,3,0,3,3,0,0,2,0,0.58,0.0,0.58,0.58,0.58,Attaquant
Pascal Struijk,26.63,28,27,2431,27.0,0,1,1,0,0,0,4,0,0.0,0.04,0.04,0.0,0.04,Defenseur
Crysencio Summerville,24.41,24,22,1856,20.6,5,1,6,5,0,0,4,0,0.24,0.05,0.29,0.24,0.29,Milieu
Dominik Szoboszlai,25.43,29,29,2601,28.9,5,3,8,5,0,1,7,1,0.17,0.1,0.28,0.17,0.28,Milieu
Jocelin Ta Bi,21.13,1,1,38,0.4,0,0,0,0,0,0,0,0,0.0,0.0,0.0,0.0,0.0,Milieu
Chemsdine Talbi,20.89,23,14,1325,14.7,4,1,5,4,0,0,0,0,0.27,0.07,0.34,0.27,0.34,Milieu
Ao Tanaka,27.55,21,7,769,8.5,2,0,2,2,0,0,1,0,0.23,0.0,0.23,0.23,0.23,Milieu
James Tarkowski,33.36,30,30,2700,30.0,1,1,2,1,0,0,5,0,0.03,0.03,0.07,0.03,0.07,Defenseur
Marcus Tavernier,27.02,27,24,2122,23.6,5,4,9,3,2,2,4,0,0.21,0.17,0.38,0.13,0.3,Milieu
Loum Tchaouna,22.56,23,9,858,9.5,1,0,1,1,0,0,1,0,0.1,0.0,0.1,0.1,0.1,Milieu
Jackson Tchatchoua,24.54,28,17,1705,18.9,0,1,1,0,0,0,3,0,0.0,0.05,0.05,0.0,0.05,Milieu
Mathys Tel,20.92,24,9,906,10.1,3,0,3,3,0,0,0,0,0.3,0.0,0.3,0.3,0.3,Milieu
Kenny Tete,30.47,22,21,1791,19.9,1,0,1,1,0,0,2,0,0.05,0.0,0.05,0.05,0.05,Defenseur
Igor Thiago,24.76,31,30,2652,29.5,19,1,20,13,6,7,6,0,0.64,0.03,0.68,0.44,0.48,Attaquant
Malick Thiaw,24.64,28,26,2335,25.9,4,0,4,4,0,0,3,0,0.15,0.0,0.15,0.15,0.15,Defenseur
Youri Tielemans,28.9,18,15,1322,14.7,0,4,4,0,0,0,0,0,0.0,0.27,0.27,0.0,0.27,Milieu
Jurriën Timber,24.78,30,28,2454,27.3,3,5,8,3,0,0,5,0,0.11,0.18,0.29,0.11,0.29,Defenseur
Jean-Clair Todibo,26.25,20,20,1698,18.9,0,1,1,0,0,0,4,1,0.0,0.05,0.05,0.0,0.05,Defenseur
Sandro Tonali,25.89,29,25,2038,22.6,0,2,2,0,0,0,3,0,0.0,0.09,0.09,0.0,0.09,Milieu
Pau Torres,29.2,17,15,1388,15.4,0,0,0,0,0,0,0,0,0.0,0.0,0.0,0.0,0.0,Defenseur
Alex Tóth,20.43,4,1,74,0.8,0,0,0,0,0,0,1,0,0.0,0.0,0.0,0.0,0.0,Milieu
James Trafford,23.47,3,3,270,3.0,0,0,0,0,0,0,0,0,0.0,0.0,0.0,0.0,0.0,Gardien
Adama Traoré,30.18,15,1,274,3.0,0,0,0,0,0,0,0,0,0.0,0.0,0.0,0.0,0.0,Milieu
Adama Traoré,30.18,7,0,91,1.0,0,0,0,0,0,0,1,0,0.0,0.0,0.0,0.0,0.0,Attaquant
Bertrand Traoré,30.56,12,9,632,7.0,1,0,1,1,0,0,1,0,0.14,0.0,0.14,0.14,0.14,Milieu
Mike Trésor,26.84,4,0,23,0.3,0,0,0,0,0,0,0,0,0.0,0.0,0.0,0.0,0.0,Attaquant
Kieran Trippier,35.53,18,17,1456,16.2,0,1,1,0,0,0,3,0,0.0,0.06,0.06,0.0,0.06,Defenseur
Leandro Trossard,31.32,26,18,1677,18.6,5,5,10,5,0,0,1,0,0.27,0.27,0.54,0.27,0.54,Attaquant
Adrien Truffert,24.36,31,31,2749,30.5,0,3,3,0,0,0,3,0,0.0,0.1,0.1,0.0,0.1,Defenseur
Axel Tuanzebe,28.37,11,11,931,10.3,1,0,1,1,0,0,1,0,0.1,0.0,0.1,0.1,0.1,Defenseur
Stefanos Tzimas,20.23,9,1,139,1.5,1,1,2,1,0,0,0,0,0.65,0.65,1.29,0.65,1.29,Attaquant
Christantus Uche,22.86,14,0,173,1.9,0,0,0,0,0,0,0,0,0.0,0.0,0.0,0.0,0.0,Attaquant
Destiny Udogie,23.33,14,8,843,9.4,0,1,1,0,0,0,3,0,0.0,0.11,0.11,0.0,0.11,Defenseur
Manuel Ugarte,24.97,21,7,797,8.9,0,0,0,0,0,0,1,0,0.0,0.0,0.0,0.0,0.0,Milieu
Lesley Ugochukwu,22.01,30,22,1973,21.9,3,1,4,3,0,0,3,1,0.14,0.05,0.18,0.14,0.18,Milieu
Enes Ünal,28.89,17,0,186,2.1,1,0,1,1,0,0,1,0,0.48,0.0,0.48,0.48,0.48,Attaquant
Hákon Valdimarsson,24.46,1,1,90,1.0,0,0,0,0,0,0,0,0,0.0,0.0,0.0,0.0,0.0,Gardien
Virgil van Dijk,34.73,31,31,2790,31.0,3,0,3,3,0,0,4,0,0.1,0.0,0.1,0.1,0.1,Defenseur
Joël Veltman,34.2,19,8,850,9.4,1,0,1,1,0,0,4,0,0.11,0.0,0.11,0.11,0.11,Defenseur
Micky van de Ven,24.94,28,28,2411,26.8,4,1,5,4,0,0,7,1,0.15,0.04,0.19,0.15,0.19,Defenseur
Bart Verbruggen,23.61,31,31,2790,31.0,0,0,0,0,0,0,3,0,0.0,0.0,0.0,0.0,0.0,Gardien
Guglielmo Vicario,29.48,31,31,2790,31.0,0,0,0,0,0,0,1,0,0.0,0.0,0.0,0.0,0.0,Gardien
Kyle Walker,35.84,29,29,2547,28.3,0,2,2,0,0,0,8,0,0.0,0.07,0.07,0.0,0.07,Defenseur
Kyle Walker-Peters,28.96,18,10,959,10.7,1,0,1,1,0,0,2,0,0.09,0.0,0.09,0.09,0.09,Defenseur
Aaron Wan-Bissaka,28.34,22,21,1903,21.1,0,2,2,0,0,0,4,0,0.0,0.09,0.09,0.0,0.09,Defenseur
James Ward-Prowse,31.41,5,5,413,4.6,0,0,0,0,0,0,0,0,0.0,0.0,0.0,0.0,0.0,Milieu
James Ward-Prowse,31.41,6,3,317,3.5,0,1,1,0,0,0,1,0,0.0,0.28,0.28,0.0,0.28,Milieu
Ollie Watkins,30.25,30,27,2293,25.5,9,1,10,9,0,0,3,0,0.35,0.04,0.39,0.35,0.39,Attaquant
Tom Watson,19.97,6,0,62,0.7,0,0,0,0,0,0,1,0,0.0,0.0,0.0,0.0,0.0,Milieu
Danny Welbeck,35.34,30,20,1826,20.3,12,0,12,11,1,3,5,0,0.59,0.0,0.59,0.54,0.54,Attaquant
Adam Wharton,22.14,27,26,2163,24.0,0,5,5,0,0,0,6,1,0.0,0.21,0.21,0.0,0.21,Milieu
Ben White,28.47,7,5,411,4.6,0,1,1,0,0,0,0,0,0.0,0.22,0.22,0.0,0.22,Defenseur
Mats Wieffer,26.37,21,18,1571,17.5,0,3,3,0,0,0,7,0,0.0,0.17,0.17,0.0,0.17,Defenseur
Neco Williams,24.96,30,30,2618,29.1,1,3,4,1,0,0,5,1,0.03,0.1,0.14,0.03,0.14,Defenseur
Estêvão Willian,18.93,20,10,767,8.5,2,2,4,2,0,0,3,0,0.23,0.23,0.47,0.23,0.47,Milieu
Joe Willock,26.61,20,7,703,7.8,0,1,1,0,0,0,3,0,0.0,0.13,0.13,0.0,0.13,Milieu
Callum Wilson,34.08,25,10,1049,11.7,5,1,6,5,0,0,0,0,0.43,0.09,0.51,0.43,0.51,Attaquant
Harry Wilson,29.02,29,27,2259,25.1,10,6,16,10,0,0,6,0,0.4,0.24,0.64,0.4,0.64,Milieu
Ben Winterburn,21.57,1,0,7,0.1,0,0,0,0,0,0,0,0,0.0,0.0,0.0,0.0,0.0,Milieu
Florian Wirtz,22.91,27,23,2004,22.3,4,2,6,4,0,0,1,0,0.18,0.09,0.27,0.18,0.27,Milieu
Yoane Wissa,29.57,13,4,431,4.8,1,0,1,1,0,0,1,0,0.21,0.0,0.21,0.21,0.21,Attaquant
Nick Woltemade,24.12,27,21,1664,18.5,7,3,10,6,1,1,0,0,0.38,0.16,0.54,0.32,0.49,Attaquant
Chris Wood,34.31,8,7,540,6.0,2,0,2,2,0,0,0,0,0.33,0.0,0.33,0.33,0.33,Attaquant
Joe Worrall,29.22,11,5,500,5.6,0,0,0,0,0,0,0,0,0.0,0.0,0.0,0.0,0.0,Defenseur
Granit Xhaka,33.5,27,25,2274,25.3,1,5,6,1,0,0,5,0,0.04,0.2,0.24,0.04,0.24,Milieu
Yehor Yarmoliuk,22.08,31,24,2133,23.7,1,2,3,1,0,0,7,0,0.04,0.08,0.13,0.04,0.13,Milieu
Ryan Yates,28.35,16,1,415,4.6,0,1,1,0,0,0,1,0,0.0,0.22,0.22,0.0,0.22,Milieu
Leny Yoro,20.38,28,17,1615,17.9,0,0,0,0,0,0,1,0,0.0,0.0,0.0,0.0,0.0,Defenseur
Oleksandr Zinchenko,29.29,5,4,353,3.9,0,0,0,0,0,0,0,0,0.0,0.0,0.0,0.0,0.0,Defenseur
Joshua Zirkzee,24.85,18,4,523,5.8,2,1,3,2,0,0,1,0,0.34,0.17,0.52,0.34,0.52,Attaquant
Martín Zubimendi,27.15,31,30,2596,28.8,5,1,6,5,0,0,4,0,0.17,0.03,0.21,0.17,0.21,Milieu
Martin Ødegaard,27.28,20,13,1076,12.0,1,5,6,1,0,0,0,0,0.08,0.42,0.5,0.08,0.5,Milieu
